{"CalibrationInformation":{"Cameras":[{"Intrinsics":{"ModelParameterCount":14,"ModelParameters":[0.49554559588432312,0.50362914800643921,0.49347233772277832,0.49366939067840576,0.57955396175384521,0.015401268377900124,-0.0007274294039234519,0.92185676097869873,0.13532215356826782,-0.0035902927629649639,0,0,-5.1427556172711775E-5,-0.00011398961214581504],"ModelType":"CALIBRATION_LensDistortionModelBrownConrady"},"Location":"CALIBRATION_CameraLocationD0","Purpose":"CALIBRATION_CameraPurposeDepth","MetricRadius":1.7399997711181641,"Rt":{"Rotation":[1,0,0,0,1,0,0,0,1],"Translation":[0,0,0]},"SensorHeight":1024,"SensorWidth":1024,"Shutter":"CALIBRATION_ShutterTypeUndefined","ThermalAdjustmentParams":{"Params":[0,0,0,0,0,0,0,0,0,0,0,0]}},{"Intrinsics":{"ModelParameterCount":14,"ModelParameters":[0.49842092394828796,0.50683611631393433,0.47597688436508179,0.63469177484512329,0.53856849670410156,-2.8568840026855469,1.6854075193405151,0.41655492782592773,-2.6720786094665527,1.6058152914047241,0,0,-0.00037168574635870755,0.00027412164490669966],"ModelType":"CALIBRATION_LensDistortionModelBrownConrady"},"Location":"CALIBRATION_CameraLocationPV0","Purpose":"CALIBRATION_CameraPurposePhotoVideo","MetricRadius":0,"Rt":{"Rotation":[0.99998539686203,-0.0051713711582124233,-0.0015605747466906905,0.0052771386690437794,0.99695336818695068,0.077821463346481323,0.001153376535512507,-0.077828563749790192,0.99696606397628784],"Translation":[-0.031910013407468796,-0.0025999562349170446,0.0037930903490632772]},"SensorHeight":3072,"SensorWidth":4096,"Shutter":"CALIBRATION_ShutterTypeUndefined","ThermalAdjustmentParams":{"Params":[0,0,0,0,0,0,0,0,0,0,0,0]}}],"InertialSensors":[{"BiasTemperatureModel":[0.0091425823047757149,0,0,0,0.022656641900539398,0,0,0,0.0037716173101216555,0,0,0],"BiasUncertainty":[9.9999997473787516E-5,9.9999997473787516E-5,9.9999997473787516E-5],"Id":"CALIBRATION_InertialSensorId_LSM6DSM","MixingMatrixTemperatureModel":[1.0033010244369507,0,0,0,0.0034391169901937246,0,0,0,-0.011137540452182293,0,0,0,0.0034648326691240072,0,0,0,0.99573785066604614,0,0,0,0.003065064549446106,0,0,0,-0.011299092322587967,0,0,0,0.0030864451546221972,0,0,0,0.98895376920700073,0,0,0],"ModelTypeMask":16,"Noise":[0.00095000001601874828,0.00095000001601874828,0.00095000001601874828,0,0,0],"Rt":{"Rotation":[-9.6137031505350024E-5,0.10550981760025024,-0.99441826343536377,-0.99999672174453735,0.0025432980619370937,0.00036652546259574592,0.0025677741505205631,0.99441498517990112,0.10550922155380249],"Translation":[0,0,0]},"SecondOrderScaling":[0,0,0,0,0,0,0,0,0],"SensorType":"CALIBRATION_InertialSensorType_Gyro","TemperatureBounds":[5,60],"TemperatureC":0},{"BiasTemperatureModel":[0.095617979764938354,0,0,0,0.010610248893499374,0,0,0,0.031483825296163559,0,0,0],"BiasUncertainty":[0.0099999997764825821,0.0099999997764825821,0.0099999997764825821],"Id":"CALIBRATION_InertialSensorId_LSM6DSM","MixingMatrixTemperatureModel":[1.0029206275939941,0,0,0,-0.00010456568998051807,0,0,0,-0.00066987716127187014,0,0,0,-0.00010525837569730356,0,0,0,0.99632012844085693,0,0,0,-5.041861004428938E-5,0,0,0,-0.00067444663727656007,0,0,0,-5.04284689668566E-5,0,0,0,0.99612575769424438,0,0,0],"ModelTypeMask":56,"Noise":[0.010700000450015068,0.010700000450015068,0.010700000450015068,0,0,0],"Rt":{"Rotation":[0.00048829230945557356,0.10563212633132935,-0.99440515041351318,-0.999998152256012,0.0019047638634219766,-0.00028870240203104913,0.0018636106979101896,0.99440348148345947,0.10563286393880844],"Translation":[-0.050836905837059021,0.0038296112325042486,0.0010372506221756339]},"SecondOrderScaling":[0,0,0,0,0,0,0,0,0],"SensorType":"CALIBRATION_InertialSensorType_Accelerometer","TemperatureBounds":[5,60],"TemperatureC":0}],"Metadata":{"SerialId":"000979393812","FactoryCalDate":"9/23/2019 11:12:56 AM GMT","Version":{"Major":1,"Minor":2},"DeviceName":"AzureKinect-PV","Notes":"PV0_max_radius_invalid"}}}